experiment,shape_family,hidden_dims,parameter_count,regime,scheme,n_classes,actual_classes,accuracy,knn_layer,knn_reference_layer,knn_k,knn_knn_preservation,dist_layer,dist_reference_layer,dist_distance_correlation,pca_layer,pca_n_features,pca_components_90,pca_components_95,pca_components_99,pca_first_pc_variance,pca_first_2pc_variance,pca_first_3pc_variance,arc_parameter_r2,name,world,allocation,template,target_params,relative_error,seed,epochs,n_samples,config_epochs,config_n_samples,config_noise_std,config_quick
spiral_arc_bins_32_uniform_params_750_seed_1,,"(12, 12, 12)",764,spiral,arc_bins,32,32,0.9783333333333334,logits,input,10,0.9479000000000001,logits,input,0.9001703057966701,logits,32,3,3,4,0.6003871560096741,0.8637062311172485,0.9525825381278992,0.9923685900583341,spiral_arc_bins_32_uniform_params_750_seed_1,spiral,uniform,"(1, 1, 1)",750,0.018666666666666668,1,100,3000,100,3000,0.02,False
spiral_arc_bins_32_back_loaded_params_750_seed_1,,"(4, 8, 16)",740,spiral,arc_bins,32,32,0.9726666666666667,logits,input,10,0.9351,logits,input,0.9189944690541596,logits,32,2,3,3,0.6056788563728333,0.9404482841491699,0.9925088286399841,0.9890185493500101,spiral_arc_bins_32_back_loaded_params_750_seed_1,spiral,back_loaded,"(1, 2, 4)",750,0.013333333333333334,1,100,3000,100,3000,0.02,False
spiral_arc_bins_32_uniform_params_750_seed_2,,"(12, 12, 12)",764,spiral,arc_bins,32,32,0.9756666666666667,logits,input,10,0.9599333333333334,logits,input,0.9274853547499458,logits,32,3,3,4,0.5837152004241943,0.8886799812316895,0.9748477935791016,0.9900531424828742,spiral_arc_bins_32_uniform_params_750_seed_2,spiral,uniform,"(1, 1, 1)",750,0.018666666666666668,2,100,3000,100,3000,0.02,False
spiral_arc_bins_32_back_loaded_params_750_seed_2,,"(4, 8, 16)",740,spiral,arc_bins,32,32,0.972,logits,input,10,0.9548000000000002,logits,input,0.8870559528128849,logits,32,2,2,3,0.5775861740112305,0.9827327728271484,0.9979318976402283,0.8084539245689104,spiral_arc_bins_32_back_loaded_params_750_seed_2,spiral,back_loaded,"(1, 2, 4)",750,0.013333333333333334,2,100,3000,100,3000,0.02,False
spiral_arc_bins_32_uniform_params_750_seed_3,,"(12, 12, 12)",764,spiral,arc_bins,32,32,0.9783333333333334,logits,input,10,0.9425333333333333,logits,input,0.8603433887296068,logits,32,3,3,3,0.6228964924812317,0.8616191148757935,0.990692675113678,0.9912062333090695,spiral_arc_bins_32_uniform_params_750_seed_3,spiral,uniform,"(1, 1, 1)",750,0.018666666666666668,3,100,3000,100,3000,0.02,False
spiral_arc_bins_32_back_loaded_params_750_seed_3,,"(4, 8, 16)",740,spiral,arc_bins,32,32,0.9743333333333334,logits,input,10,0.9471,logits,input,0.8832067082776721,logits,32,2,2,3,0.661986231803894,0.9864240884780884,0.9956791996955872,0.9488794742619572,spiral_arc_bins_32_back_loaded_params_750_seed_3,spiral,back_loaded,"(1, 2, 4)",750,0.013333333333333334,3,100,3000,100,3000,0.02,False
spiral_arc_bins_32_uniform_params_750_seed_4,,"(12, 12, 12)",764,spiral,arc_bins,32,32,0.9686666666666667,logits,input,10,0.9618666666666668,logits,input,0.928404380284255,logits,32,2,2,3,0.6413569450378418,0.9672811031341553,0.9954522252082825,0.9697223736646818,spiral_arc_bins_32_uniform_params_750_seed_4,spiral,uniform,"(1, 1, 1)",750,0.018666666666666668,4,100,3000,100,3000,0.02,False
spiral_arc_bins_32_back_loaded_params_750_seed_4,,"(4, 8, 16)",740,spiral,arc_bins,32,32,0.9613333333333334,logits,input,10,0.8887333333333334,logits,input,0.5834170919644741,logits,32,2,3,3,0.7738162279129028,0.9354422688484192,0.9903532862663269,0.8727595621287081,spiral_arc_bins_32_back_loaded_params_750_seed_4,spiral,back_loaded,"(1, 2, 4)",750,0.013333333333333334,4,100,3000,100,3000,0.02,False
spiral_arc_bins_32_uniform_params_750_seed_5,,"(12, 12, 12)",764,spiral,arc_bins,32,32,0.9796666666666667,logits,input,10,0.9510000000000002,logits,input,0.8868520092348711,logits,32,2,3,4,0.6718088388442993,0.9216671586036682,0.9834566712379456,0.9764999000376494,spiral_arc_bins_32_uniform_params_750_seed_5,spiral,uniform,"(1, 1, 1)",750,0.018666666666666668,5,100,3000,100,3000,0.02,False
spiral_arc_bins_32_back_loaded_params_750_seed_5,,"(4, 8, 16)",740,spiral,arc_bins,32,32,0.9633333333333334,logits,input,10,0.9342666666666667,logits,input,0.8810312779787587,logits,32,2,3,3,0.5403014421463013,0.9409493207931519,0.9969499707221985,0.8997860182368701,spiral_arc_bins_32_back_loaded_params_750_seed_5,spiral,back_loaded,"(1, 2, 4)",750,0.013333333333333334,5,100,3000,100,3000,0.02,False
spiral_arc_bins_32_front_loaded_params_1000_seed_1,,"(32, 16, 8)",1048,spiral,arc_bins,32,32,0.9763333333333334,logits,input,10,0.9269333333333334,logits,input,0.7130010375196735,logits,32,2,2,4,0.5747300982475281,0.9565348029136658,0.9845516085624695,0.9359761284377303,spiral_arc_bins_32_front_loaded_params_1000_seed_1,spiral,front_loaded,"(4, 2, 1)",1000,0.048,1,100,3000,100,3000,0.02,False
spiral_arc_bins_32_uniform_params_1000_seed_1,,"(15, 15, 15)",1037,spiral,arc_bins,32,32,0.9746666666666667,logits,input,10,0.9512666666666667,logits,input,0.8882403748817679,logits,32,2,3,4,0.5988874435424805,0.9208415746688843,0.9857445955276489,0.9879474225575761,spiral_arc_bins_32_uniform_params_1000_seed_1,spiral,uniform,"(1, 1, 1)",1000,0.037,1,100,3000,100,3000,0.02,False
spiral_arc_bins_32_back_loaded_params_1000_seed_1,,"(5, 10, 20)",967,spiral,arc_bins,32,32,0.972,logits,input,10,0.9435333333333334,logits,input,0.8473431700424899,logits,32,2,3,3,0.6768242716789246,0.928481936454773,0.9926995038986206,0.9802758299777643,spiral_arc_bins_32_back_loaded_params_1000_seed_1,spiral,back_loaded,"(1, 2, 4)",1000,0.033,1,100,3000,100,3000,0.02,False
spiral_arc_bins_32_front_loaded_params_1000_seed_2,,"(32, 16, 8)",1048,spiral,arc_bins,32,32,0.972,logits,input,10,0.9688,logits,input,0.9184021223533034,logits,32,2,3,3,0.5623525381088257,0.9200429916381836,0.9930252432823181,0.9538286572796112,spiral_arc_bins_32_front_loaded_params_1000_seed_2,spiral,front_loaded,"(4, 2, 1)",1000,0.048,2,100,3000,100,3000,0.02,False
spiral_arc_bins_32_uniform_params_1000_seed_2,,"(15, 15, 15)",1037,spiral,arc_bins,32,32,0.975,logits,input,10,0.9581333333333334,logits,input,0.8887609471998288,logits,32,2,3,4,0.6184855699539185,0.9483065605163574,0.9869024157524109,0.9904417803481631,spiral_arc_bins_32_uniform_params_1000_seed_2,spiral,uniform,"(1, 1, 1)",1000,0.037,2,100,3000,100,3000,0.02,False
spiral_arc_bins_32_back_loaded_params_1000_seed_2,,"(5, 10, 20)",967,spiral,arc_bins,32,32,0.9766666666666667,logits,input,10,0.9460666666666667,logits,input,0.8716947565437442,logits,32,2,2,3,0.7087485194206238,0.9838374257087708,0.9977657794952393,0.9714427657638477,spiral_arc_bins_32_back_loaded_params_1000_seed_2,spiral,back_loaded,"(1, 2, 4)",1000,0.033,2,100,3000,100,3000,0.02,False
spiral_arc_bins_32_front_loaded_params_1000_seed_3,,"(32, 16, 8)",1048,spiral,arc_bins,32,32,0.975,logits,input,10,0.9439333333333334,logits,input,0.9292260356333005,logits,32,2,3,4,0.5461921095848083,0.9371209740638733,0.9838497042655945,0.9775915705660712,spiral_arc_bins_32_front_loaded_params_1000_seed_3,spiral,front_loaded,"(4, 2, 1)",1000,0.048,3,100,3000,100,3000,0.02,False
spiral_arc_bins_32_uniform_params_1000_seed_3,,"(15, 15, 15)",1037,spiral,arc_bins,32,32,0.9736666666666667,logits,input,10,0.9392666666666667,logits,input,0.8721015586898031,logits,32,2,3,4,0.5652104020118713,0.9186869859695435,0.982913076877594,0.9896392178307817,spiral_arc_bins_32_uniform_params_1000_seed_3,spiral,uniform,"(1, 1, 1)",1000,0.037,3,100,3000,100,3000,0.02,False
spiral_arc_bins_32_back_loaded_params_1000_seed_3,,"(5, 10, 20)",967,spiral,arc_bins,32,32,0.978,logits,input,10,0.9145,logits,input,0.8397868426501548,logits,32,3,3,3,0.556060254573822,0.813788115978241,0.9944956302642822,0.9785704173948507,spiral_arc_bins_32_back_loaded_params_1000_seed_3,spiral,back_loaded,"(1, 2, 4)",1000,0.033,3,100,3000,100,3000,0.02,False
spiral_arc_bins_32_front_loaded_params_1000_seed_4,,"(32, 16, 8)",1048,spiral,arc_bins,32,32,0.964,logits,input,10,0.9624666666666667,logits,input,0.9123046927339856,logits,32,2,2,3,0.685032844543457,0.9688319563865662,0.9911007881164551,0.9229688364116557,spiral_arc_bins_32_front_loaded_params_1000_seed_4,spiral,front_loaded,"(4, 2, 1)",1000,0.048,4,100,3000,100,3000,0.02,False
spiral_arc_bins_32_uniform_params_1000_seed_4,,"(15, 15, 15)",1037,spiral,arc_bins,32,32,0.968,logits,input,10,0.9501666666666668,logits,input,0.915890165967552,logits,32,2,3,4,0.6088721752166748,0.942296028137207,0.9884820580482483,0.9685306496526989,spiral_arc_bins_32_uniform_params_1000_seed_4,spiral,uniform,"(1, 1, 1)",1000,0.037,4,100,3000,100,3000,0.02,False
spiral_arc_bins_32_back_loaded_params_1000_seed_4,,"(5, 10, 20)",967,spiral,arc_bins,32,32,0.9686666666666667,logits,input,10,0.9412333333333335,logits,input,0.8923440005372579,logits,32,3,3,4,0.5962461233139038,0.8764268159866333,0.9873940944671631,0.9763572953194196,spiral_arc_bins_32_back_loaded_params_1000_seed_4,spiral,back_loaded,"(1, 2, 4)",1000,0.033,4,100,3000,100,3000,0.02,False
spiral_arc_bins_32_front_loaded_params_1000_seed_5,,"(32, 16, 8)",1048,spiral,arc_bins,32,32,0.9796666666666667,logits,input,10,0.9616,logits,input,0.8887034484033026,logits,32,3,3,4,0.6303953528404236,0.8728224039077759,0.973788321018219,0.9783002668774686,spiral_arc_bins_32_front_loaded_params_1000_seed_5,spiral,front_loaded,"(4, 2, 1)",1000,0.048,5,100,3000,100,3000,0.02,False
spiral_arc_bins_32_uniform_params_1000_seed_5,,"(15, 15, 15)",1037,spiral,arc_bins,32,32,0.972,logits,input,10,0.9647000000000001,logits,input,0.9194966361460757,logits,32,3,3,4,0.5126488208770752,0.8729619979858398,0.9851776957511902,0.9908041414625217,spiral_arc_bins_32_uniform_params_1000_seed_5,spiral,uniform,"(1, 1, 1)",1000,0.037,5,100,3000,100,3000,0.02,False
spiral_arc_bins_32_back_loaded_params_1000_seed_5,,"(5, 10, 20)",967,spiral,arc_bins,32,32,0.973,logits,input,10,0.9623999999999999,logits,input,0.9341649529021931,logits,32,3,3,3,0.4978303611278534,0.8287057876586914,0.9913085699081421,0.9895877923762604,spiral_arc_bins_32_back_loaded_params_1000_seed_5,spiral,back_loaded,"(1, 2, 4)",1000,0.033,5,100,3000,100,3000,0.02,False
spiral_arc_bins_32_front_loaded_params_2000_seed_1,,"(48, 24, 12)",2036,spiral,arc_bins,32,32,0.973,logits,input,10,0.9465666666666668,logits,input,0.8967290496097731,logits,32,3,3,4,0.5829033255577087,0.8932713270187378,0.9872887134552002,0.9914383201905368,spiral_arc_bins_32_front_loaded_params_2000_seed_1,spiral,front_loaded,"(4, 2, 1)",2000,0.018,1,100,3000,100,3000,0.02,False
spiral_arc_bins_32_uniform_params_2000_seed_1,,"(23, 23, 23)",1941,spiral,arc_bins,32,32,0.9643333333333334,logits,input,10,0.9667000000000001,logits,input,0.9612752113065003,logits,32,2,3,3,0.5476438999176025,0.9455339312553406,0.9948984980583191,0.9932138059664063,spiral_arc_bins_32_uniform_params_2000_seed_1,spiral,uniform,"(1, 1, 1)",2000,0.0295,1,100,3000,100,3000,0.02,False
spiral_arc_bins_32_back_loaded_params_2000_seed_1,,"(9, 18, 36)",2075,spiral,arc_bins,32,32,0.9706666666666667,logits,input,10,0.9545666666666668,logits,input,0.9198061328400278,logits,32,2,3,3,0.6836878657341003,0.9479207992553711,0.9961168766021729,0.9940334520414451,spiral_arc_bins_32_back_loaded_params_2000_seed_1,spiral,back_loaded,"(1, 2, 4)",2000,0.0375,1,100,3000,100,3000,0.02,False
spiral_arc_bins_32_front_loaded_params_2000_seed_2,,"(48, 24, 12)",2036,spiral,arc_bins,32,32,0.9663333333333334,logits,input,10,0.9612000000000002,logits,input,0.898792089767403,logits,32,2,3,4,0.5465332269668579,0.9279987812042236,0.9880348443984985,0.9650359835940833,spiral_arc_bins_32_front_loaded_params_2000_seed_2,spiral,front_loaded,"(4, 2, 1)",2000,0.018,2,100,3000,100,3000,0.02,False
spiral_arc_bins_32_uniform_params_2000_seed_2,,"(23, 23, 23)",1941,spiral,arc_bins,32,32,0.9736666666666667,logits,input,10,0.9601333333333334,logits,input,0.925150132726923,logits,32,2,3,4,0.5976579189300537,0.9367973804473877,0.9837807416915894,0.9960442059596571,spiral_arc_bins_32_uniform_params_2000_seed_2,spiral,uniform,"(1, 1, 1)",2000,0.0295,2,100,3000,100,3000,0.02,False
spiral_arc_bins_32_back_loaded_params_2000_seed_2,,"(9, 18, 36)",2075,spiral,arc_bins,32,32,0.9786666666666667,logits,input,10,0.9616,logits,input,0.9105007639358002,logits,32,2,3,3,0.5384787917137146,0.9380042552947998,0.9909879565238953,0.9929063327845244,spiral_arc_bins_32_back_loaded_params_2000_seed_2,spiral,back_loaded,"(1, 2, 4)",2000,0.0375,2,100,3000,100,3000,0.02,False
spiral_arc_bins_32_front_loaded_params_2000_seed_3,,"(48, 24, 12)",2036,spiral,arc_bins,32,32,0.9726666666666667,logits,input,10,0.9657333333333334,logits,input,0.9712646585245611,logits,32,3,3,5,0.5190490484237671,0.8785719871520996,0.9749179482460022,0.9937885976775709,spiral_arc_bins_32_front_loaded_params_2000_seed_3,spiral,front_loaded,"(4, 2, 1)",2000,0.018,3,100,3000,100,3000,0.02,False
spiral_arc_bins_32_uniform_params_2000_seed_3,,"(23, 23, 23)",1941,spiral,arc_bins,32,32,0.97,logits,input,10,0.9437000000000001,logits,input,0.8987069447369658,logits,32,2,3,4,0.5570774674415588,0.9468771815299988,0.9854556918144226,0.9922727485793755,spiral_arc_bins_32_uniform_params_2000_seed_3,spiral,uniform,"(1, 1, 1)",2000,0.0295,3,100,3000,100,3000,0.02,False
spiral_arc_bins_32_back_loaded_params_2000_seed_3,,"(9, 18, 36)",2075,spiral,arc_bins,32,32,0.9713333333333334,logits,input,10,0.9530333333333335,logits,input,0.84656476847662,logits,32,2,3,4,0.5886384844779968,0.9111050963401794,0.984359860420227,0.9958028193221972,spiral_arc_bins_32_back_loaded_params_2000_seed_3,spiral,back_loaded,"(1, 2, 4)",2000,0.0375,3,100,3000,100,3000,0.02,False
spiral_arc_bins_32_front_loaded_params_2000_seed_4,,"(48, 24, 12)",2036,spiral,arc_bins,32,32,0.973,logits,input,10,0.9606,logits,input,0.9124586631571416,logits,32,3,3,5,0.5516185760498047,0.8409650325775146,0.9651247262954712,0.9946441139425396,spiral_arc_bins_32_front_loaded_params_2000_seed_4,spiral,front_loaded,"(4, 2, 1)",2000,0.018,4,100,3000,100,3000,0.02,False
spiral_arc_bins_32_uniform_params_2000_seed_4,,"(23, 23, 23)",1941,spiral,arc_bins,32,32,0.972,logits,input,10,0.9577,logits,input,0.9210288854896906,logits,32,2,3,4,0.5564521551132202,0.9361922740936279,0.9807599186897278,0.9937185803986576,spiral_arc_bins_32_uniform_params_2000_seed_4,spiral,uniform,"(1, 1, 1)",2000,0.0295,4,100,3000,100,3000,0.02,False
spiral_arc_bins_32_back_loaded_params_2000_seed_4,,"(9, 18, 36)",2075,spiral,arc_bins,32,32,0.977,logits,input,10,0.9563333333333334,logits,input,0.9066281726031775,logits,32,2,3,3,0.5575202703475952,0.9166887998580933,0.9915204048156738,0.9927587293499012,spiral_arc_bins_32_back_loaded_params_2000_seed_4,spiral,back_loaded,"(1, 2, 4)",2000,0.0375,4,100,3000,100,3000,0.02,False
spiral_arc_bins_32_front_loaded_params_2000_seed_5,,"(48, 24, 12)",2036,spiral,arc_bins,32,32,0.9733333333333334,logits,input,10,0.9542000000000002,logits,input,0.8232414784634992,logits,32,3,3,5,0.4922727346420288,0.8971896767616272,0.9626407623291016,0.9955343135300536,spiral_arc_bins_32_front_loaded_params_2000_seed_5,spiral,front_loaded,"(4, 2, 1)",2000,0.018,5,100,3000,100,3000,0.02,False
spiral_arc_bins_32_uniform_params_2000_seed_5,,"(23, 23, 23)",1941,spiral,arc_bins,32,32,0.973,logits,input,10,0.9581333333333334,logits,input,0.9106968557739257,logits,32,3,3,5,0.4857127368450165,0.898270845413208,0.97642582654953,0.9936583987203271,spiral_arc_bins_32_uniform_params_2000_seed_5,spiral,uniform,"(1, 1, 1)",2000,0.0295,5,100,3000,100,3000,0.02,False
spiral_arc_bins_32_back_loaded_params_2000_seed_5,,"(9, 18, 36)",2075,spiral,arc_bins,32,32,0.9806666666666667,logits,input,10,0.9588666666666668,logits,input,0.8904389753994608,logits,32,3,3,3,0.48372021317481995,0.8418785333633423,0.9952671527862549,0.9755960466770041,spiral_arc_bins_32_back_loaded_params_2000_seed_5,spiral,back_loaded,"(1, 2, 4)",2000,0.0375,5,100,3000,100,3000,0.02,False
spiral_arc_bins_32_front_loaded_params_5000_seed_1,,"(80, 40, 20)",4972,spiral,arc_bins,32,32,0.9746666666666667,logits,input,10,0.9618333333333333,logits,input,0.9359074580520829,logits,32,3,3,4,0.5319575667381287,0.8902665376663208,0.9624603986740112,0.9964341347670267,spiral_arc_bins_32_front_loaded_params_5000_seed_1,spiral,front_loaded,"(4, 2, 1)",5000,0.0056,1,100,3000,100,3000,0.02,False
spiral_arc_bins_32_uniform_params_5000_seed_1,,"(41, 41, 41)",4911,spiral,arc_bins,32,32,0.9726666666666667,logits,input,10,0.9650333333333334,logits,input,0.9483202893384011,logits,32,2,3,4,0.5060187578201294,0.9210860729217529,0.9833475351333618,0.9980881504511011,spiral_arc_bins_32_uniform_params_5000_seed_1,spiral,uniform,"(1, 1, 1)",5000,0.0178,1,100,3000,100,3000,0.02,False
spiral_arc_bins_32_back_loaded_params_5000_seed_1,,"(16, 32, 64)",4784,spiral,arc_bins,32,32,0.9623333333333334,logits,input,10,0.9674666666666667,logits,input,0.960382792896764,logits,32,2,2,3,0.5179699659347534,0.9534614086151123,0.9949507713317871,0.9967521920897142,spiral_arc_bins_32_back_loaded_params_5000_seed_1,spiral,back_loaded,"(1, 2, 4)",5000,0.0432,1,100,3000,100,3000,0.02,False
spiral_arc_bins_32_front_loaded_params_5000_seed_2,,"(80, 40, 20)",4972,spiral,arc_bins,32,32,0.9763333333333334,logits,input,10,0.9645333333333334,logits,input,0.9188370004166229,logits,32,3,4,4,0.5600807070732117,0.8136872053146362,0.9404285550117493,0.995326294553237,spiral_arc_bins_32_front_loaded_params_5000_seed_2,spiral,front_loaded,"(4, 2, 1)",5000,0.0056,2,100,3000,100,3000,0.02,False
spiral_arc_bins_32_uniform_params_5000_seed_2,,"(41, 41, 41)",4911,spiral,arc_bins,32,32,0.9726666666666667,logits,input,10,0.9497666666666668,logits,input,0.9277719502945219,logits,32,2,3,3,0.5406311750411987,0.9336870908737183,0.9907084107398987,0.9971562103868735,spiral_arc_bins_32_uniform_params_5000_seed_2,spiral,uniform,"(1, 1, 1)",5000,0.0178,2,100,3000,100,3000,0.02,False
spiral_arc_bins_32_back_loaded_params_5000_seed_2,,"(16, 32, 64)",4784,spiral,arc_bins,32,32,0.9733333333333334,logits,input,10,0.9628666666666668,logits,input,0.9315559880792068,logits,32,2,3,3,0.5427878499031067,0.9303774833679199,0.9908382296562195,0.9964552539415926,spiral_arc_bins_32_back_loaded_params_5000_seed_2,spiral,back_loaded,"(1, 2, 4)",5000,0.0432,2,100,3000,100,3000,0.02,False
spiral_arc_bins_32_front_loaded_params_5000_seed_3,,"(80, 40, 20)",4972,spiral,arc_bins,32,32,0.97,logits,input,10,0.9587666666666668,logits,input,0.9094402622135697,logits,32,2,3,4,0.5554589629173279,0.902140200138092,0.9843490719795227,0.9944764133680941,spiral_arc_bins_32_front_loaded_params_5000_seed_3,spiral,front_loaded,"(4, 2, 1)",5000,0.0056,3,100,3000,100,3000,0.02,False
spiral_arc_bins_32_uniform_params_5000_seed_3,,"(41, 41, 41)",4911,spiral,arc_bins,32,32,0.9656666666666667,logits,input,10,0.9635000000000001,logits,input,0.9221401766567301,logits,32,2,3,3,0.5594819784164429,0.9171333312988281,0.9921686053276062,0.9980316871869314,spiral_arc_bins_32_uniform_params_5000_seed_3,spiral,uniform,"(1, 1, 1)",5000,0.0178,3,100,3000,100,3000,0.02,False
spiral_arc_bins_32_back_loaded_params_5000_seed_3,,"(16, 32, 64)",4784,spiral,arc_bins,32,32,0.969,logits,input,10,0.9565666666666668,logits,input,0.8733427912006646,logits,32,3,3,4,0.4794676899909973,0.8379117250442505,0.9752788543701172,0.9966016935451094,spiral_arc_bins_32_back_loaded_params_5000_seed_3,spiral,back_loaded,"(1, 2, 4)",5000,0.0432,3,100,3000,100,3000,0.02,False
spiral_arc_bins_32_front_loaded_params_5000_seed_4,,"(80, 40, 20)",4972,spiral,arc_bins,32,32,0.9726666666666667,logits,input,10,0.9600333333333334,logits,input,0.9030659662041254,logits,32,3,4,5,0.5130535364151001,0.8712352514266968,0.9435930848121643,0.9978336565576446,spiral_arc_bins_32_front_loaded_params_5000_seed_4,spiral,front_loaded,"(4, 2, 1)",5000,0.0056,4,100,3000,100,3000,0.02,False
spiral_arc_bins_32_uniform_params_5000_seed_4,,"(41, 41, 41)",4911,spiral,arc_bins,32,32,0.9706666666666667,logits,input,10,0.9667666666666668,logits,input,0.9548329414889111,logits,32,3,3,5,0.48127132654190063,0.881092369556427,0.9600316286087036,0.9991910540950285,spiral_arc_bins_32_uniform_params_5000_seed_4,spiral,uniform,"(1, 1, 1)",5000,0.0178,4,100,3000,100,3000,0.02,False
spiral_arc_bins_32_back_loaded_params_5000_seed_4,,"(16, 32, 64)",4784,spiral,arc_bins,32,32,0.9666666666666667,logits,input,10,0.9576,logits,input,0.9353887840498077,logits,32,2,2,3,0.5669470429420471,0.9563699960708618,0.9932506680488586,0.9976016787276578,spiral_arc_bins_32_back_loaded_params_5000_seed_4,spiral,back_loaded,"(1, 2, 4)",5000,0.0432,4,100,3000,100,3000,0.02,False
spiral_arc_bins_32_front_loaded_params_5000_seed_5,,"(80, 40, 20)",4972,spiral,arc_bins,32,32,0.9776666666666667,logits,input,10,0.9615333333333335,logits,input,0.952436596395453,logits,32,2,3,4,0.5397345423698425,0.9131278991699219,0.9865639209747314,0.9944135093459049,spiral_arc_bins_32_front_loaded_params_5000_seed_5,spiral,front_loaded,"(4, 2, 1)",5000,0.0056,5,100,3000,100,3000,0.02,False
spiral_arc_bins_32_uniform_params_5000_seed_5,,"(41, 41, 41)",4911,spiral,arc_bins,32,32,0.977,logits,input,10,0.9653999999999999,logits,input,0.9477780400386533,logits,32,3,3,4,0.47141504287719727,0.8531278967857361,0.9824618101119995,0.9980168595142713,spiral_arc_bins_32_uniform_params_5000_seed_5,spiral,uniform,"(1, 1, 1)",5000,0.0178,5,100,3000,100,3000,0.02,False
spiral_arc_bins_32_back_loaded_params_5000_seed_5,,"(16, 32, 64)",4784,spiral,arc_bins,32,32,0.9736666666666667,logits,input,10,0.9678,logits,input,0.9536057451914554,logits,32,3,3,4,0.49383842945098877,0.8649179339408875,0.984521210193634,0.9986585621630721,spiral_arc_bins_32_back_loaded_params_5000_seed_5,spiral,back_loaded,"(1, 2, 4)",5000,0.0432,5,100,3000,100,3000,0.02,False
spiral_arc_bins_32_front_loaded_params_10000_seed_1,,"(116, 58, 29)",9805,spiral,arc_bins,32,32,0.969,logits,input,10,0.969,logits,input,0.963307372144722,logits,32,3,3,4,0.49850600957870483,0.8850241899490356,0.9886263012886047,0.997746250134004,spiral_arc_bins_32_front_loaded_params_10000_seed_1,spiral,front_loaded,"(4, 2, 1)",10000,0.0195,1,100,3000,100,3000,0.02,False
spiral_arc_bins_32_uniform_params_10000_seed_1,,"(62, 62, 62)",10014,spiral,arc_bins,32,32,0.9696666666666667,logits,input,10,0.9674666666666668,logits,input,0.9632127735006795,logits,32,3,3,5,0.4642021656036377,0.8739877939224243,0.9733079075813293,0.9994830073998852,spiral_arc_bins_32_uniform_params_10000_seed_1,spiral,uniform,"(1, 1, 1)",10000,0.0014,1,100,3000,100,3000,0.02,False
spiral_arc_bins_32_back_loaded_params_10000_seed_1,,"(25, 50, 100)",9707,spiral,arc_bins,32,32,0.9693333333333334,logits,input,10,0.9691333333333335,logits,input,0.9417215370028169,logits,32,3,3,4,0.5040454268455505,0.8853057622909546,0.9840399622917175,0.9991096665210574,spiral_arc_bins_32_back_loaded_params_10000_seed_1,spiral,back_loaded,"(1, 2, 4)",10000,0.0293,1,100,3000,100,3000,0.02,False
spiral_arc_bins_32_front_loaded_params_10000_seed_2,,"(116, 58, 29)",9805,spiral,arc_bins,32,32,0.9683333333333334,logits,input,10,0.9638666666666668,logits,input,0.9470921151325824,logits,32,3,3,4,0.4839412569999695,0.8885722756385803,0.9821738004684448,0.9983900449689935,spiral_arc_bins_32_front_loaded_params_10000_seed_2,spiral,front_loaded,"(4, 2, 1)",10000,0.0195,2,100,3000,100,3000,0.02,False
spiral_arc_bins_32_uniform_params_10000_seed_2,,"(62, 62, 62)",10014,spiral,arc_bins,32,32,0.969,logits,input,10,0.9654666666666667,logits,input,0.9415332753957909,logits,32,3,3,4,0.5125464200973511,0.8813698887825012,0.978205144405365,0.9982282026233064,spiral_arc_bins_32_uniform_params_10000_seed_2,spiral,uniform,"(1, 1, 1)",10000,0.0014,2,100,3000,100,3000,0.02,False
spiral_arc_bins_32_back_loaded_params_10000_seed_2,,"(25, 50, 100)",9707,spiral,arc_bins,32,32,0.965,logits,input,10,0.9681666666666666,logits,input,0.9529081888966743,logits,32,2,3,4,0.5105616450309753,0.9256861805915833,0.9897050261497498,0.9983202135156338,spiral_arc_bins_32_back_loaded_params_10000_seed_2,spiral,back_loaded,"(1, 2, 4)",10000,0.0293,2,100,3000,100,3000,0.02,False
spiral_arc_bins_32_front_loaded_params_10000_seed_3,,"(116, 58, 29)",9805,spiral,arc_bins,32,32,0.967,logits,input,10,0.9599000000000001,logits,input,0.9653296882178237,logits,32,3,3,5,0.46451833844184875,0.8926546573638916,0.9571781754493713,0.9980459654658842,spiral_arc_bins_32_front_loaded_params_10000_seed_3,spiral,front_loaded,"(4, 2, 1)",10000,0.0195,3,100,3000,100,3000,0.02,False
spiral_arc_bins_32_uniform_params_10000_seed_3,,"(62, 62, 62)",10014,spiral,arc_bins,32,32,0.967,logits,input,10,0.9665333333333335,logits,input,0.9662006401329394,logits,32,3,3,4,0.4978034794330597,0.8919028043746948,0.9801077246665955,0.9990358380379035,spiral_arc_bins_32_uniform_params_10000_seed_3,spiral,uniform,"(1, 1, 1)",10000,0.0014,3,100,3000,100,3000,0.02,False
spiral_arc_bins_32_back_loaded_params_10000_seed_3,,"(25, 50, 100)",9707,spiral,arc_bins,32,32,0.964,logits,input,10,0.9629666666666667,logits,input,0.9393591870593561,logits,32,2,3,4,0.4999915361404419,0.9013316631317139,0.9831669926643372,0.9964243180097561,spiral_arc_bins_32_back_loaded_params_10000_seed_3,spiral,back_loaded,"(1, 2, 4)",10000,0.0293,3,100,3000,100,3000,0.02,False
spiral_arc_bins_32_front_loaded_params_10000_seed_4,,"(116, 58, 29)",9805,spiral,arc_bins,32,32,0.9693333333333334,logits,input,10,0.9501333333333334,logits,input,0.9415126399763668,logits,32,3,3,5,0.5921368598937988,0.8923874497413635,0.9675143361091614,0.9984273757244294,spiral_arc_bins_32_front_loaded_params_10000_seed_4,spiral,front_loaded,"(4, 2, 1)",10000,0.0195,4,100,3000,100,3000,0.02,False
spiral_arc_bins_32_uniform_params_10000_seed_4,,"(62, 62, 62)",10014,spiral,arc_bins,32,32,0.96,logits,input,10,0.9631666666666666,logits,input,0.9485815707206382,logits,32,3,3,4,0.5131433606147766,0.8983360528945923,0.9842417240142822,0.9977407828677675,spiral_arc_bins_32_uniform_params_10000_seed_4,spiral,uniform,"(1, 1, 1)",10000,0.0014,4,100,3000,100,3000,0.02,False
spiral_arc_bins_32_back_loaded_params_10000_seed_4,,"(25, 50, 100)",9707,spiral,arc_bins,32,32,0.962,logits,input,10,0.9683999999999999,logits,input,0.9475804898239744,logits,32,3,3,4,0.5344067811965942,0.8914710283279419,0.9772006869316101,0.9987070894775486,spiral_arc_bins_32_back_loaded_params_10000_seed_4,spiral,back_loaded,"(1, 2, 4)",10000,0.0293,4,100,3000,100,3000,0.02,False
spiral_arc_bins_32_front_loaded_params_10000_seed_5,,"(116, 58, 29)",9805,spiral,arc_bins,32,32,0.9753333333333334,logits,input,10,0.9621666666666666,logits,input,0.9101904322452896,logits,32,3,3,4,0.5104371309280396,0.8969210386276245,0.9691576957702637,0.9980383481788841,spiral_arc_bins_32_front_loaded_params_10000_seed_5,spiral,front_loaded,"(4, 2, 1)",10000,0.0195,5,100,3000,100,3000,0.02,False
spiral_arc_bins_32_uniform_params_10000_seed_5,,"(62, 62, 62)",10014,spiral,arc_bins,32,32,0.9783333333333334,logits,input,10,0.9694333333333334,logits,input,0.9620464414602748,logits,32,3,3,4,0.5120658278465271,0.8825035691261292,0.9838595390319824,0.9979428950474649,spiral_arc_bins_32_uniform_params_10000_seed_5,spiral,uniform,"(1, 1, 1)",10000,0.0014,5,100,3000,100,3000,0.02,False
spiral_arc_bins_32_back_loaded_params_10000_seed_5,,"(25, 50, 100)",9707,spiral,arc_bins,32,32,0.9763333333333334,logits,input,10,0.9613666666666668,logits,input,0.953924980581996,logits,32,3,3,4,0.5151104927062988,0.8600805997848511,0.9810374975204468,0.9988943312666919,spiral_arc_bins_32_back_loaded_params_10000_seed_5,spiral,back_loaded,"(1, 2, 4)",10000,0.0293,5,100,3000,100,3000,0.02,False
