experiment,shape_family,hidden_dims,parameter_count,regime,scheme,n_classes,actual_classes,accuracy,knn_layer,knn_reference_layer,knn_k,knn_knn_preservation,dist_layer,dist_reference_layer,dist_distance_correlation,pca_layer,pca_n_features,pca_components_90,pca_components_95,pca_components_99,pca_first_pc_variance,pca_first_2pc_variance,pca_first_3pc_variance,arc_parameter_r2,name,world,allocation,template,target_params,relative_error,seed,epochs,n_samples,config_epochs,config_n_samples,config_noise_std,config_quick
spiral_arc_bins_32_back_loaded_params_750_seed_1,,"(4, 8, 16)",740,spiral,arc_bins,32,32,0.9726666666666667,logits,input,10,0.9351,logits,input,0.9189944690541596,logits,32,2,3,3,0.6056788563728333,0.9404482841491699,0.9925088286399841,0.9890185493500101,spiral_arc_bins_32_back_loaded_params_750_seed_1,spiral,back_loaded,"(1, 2, 4)",750,0.013333333333333334,1,100,3000,100,3000,0.02,False
spiral_arc_bins_32_uniform_params_750_seed_1,,"(12, 12, 12)",764,spiral,arc_bins,32,32,0.9783333333333334,logits,input,10,0.9479000000000001,logits,input,0.9001703057966701,logits,32,3,3,4,0.6003871560096741,0.8637062311172485,0.9525825381278992,0.9923685900583341,spiral_arc_bins_32_uniform_params_750_seed_1,spiral,uniform,"(1, 1, 1)",750,0.018666666666666668,1,100,3000,100,3000,0.02,False
spiral_arc_bins_32_back_loaded_params_750_seed_2,,"(4, 8, 16)",740,spiral,arc_bins,32,32,0.972,logits,input,10,0.9548000000000002,logits,input,0.8870559528128849,logits,32,2,2,3,0.5775861740112305,0.9827327728271484,0.9979318976402283,0.8084539245689104,spiral_arc_bins_32_back_loaded_params_750_seed_2,spiral,back_loaded,"(1, 2, 4)",750,0.013333333333333334,2,100,3000,100,3000,0.02,False
spiral_arc_bins_32_uniform_params_750_seed_2,,"(12, 12, 12)",764,spiral,arc_bins,32,32,0.9756666666666667,logits,input,10,0.9599333333333334,logits,input,0.9274853547499458,logits,32,3,3,4,0.5837152004241943,0.8886799812316895,0.9748477935791016,0.9900531424828742,spiral_arc_bins_32_uniform_params_750_seed_2,spiral,uniform,"(1, 1, 1)",750,0.018666666666666668,2,100,3000,100,3000,0.02,False
spiral_arc_bins_32_back_loaded_params_750_seed_3,,"(4, 8, 16)",740,spiral,arc_bins,32,32,0.9743333333333334,logits,input,10,0.9471,logits,input,0.8832067082776721,logits,32,2,2,3,0.661986231803894,0.9864240884780884,0.9956791996955872,0.9488794742619572,spiral_arc_bins_32_back_loaded_params_750_seed_3,spiral,back_loaded,"(1, 2, 4)",750,0.013333333333333334,3,100,3000,100,3000,0.02,False
spiral_arc_bins_32_uniform_params_750_seed_3,,"(12, 12, 12)",764,spiral,arc_bins,32,32,0.9783333333333334,logits,input,10,0.9425333333333333,logits,input,0.8603433887296068,logits,32,3,3,3,0.6228964924812317,0.8616191148757935,0.990692675113678,0.9912062333090695,spiral_arc_bins_32_uniform_params_750_seed_3,spiral,uniform,"(1, 1, 1)",750,0.018666666666666668,3,100,3000,100,3000,0.02,False
spiral_arc_bins_32_back_loaded_params_750_seed_4,,"(4, 8, 16)",740,spiral,arc_bins,32,32,0.9613333333333334,logits,input,10,0.8887333333333334,logits,input,0.5834170919644741,logits,32,2,3,3,0.7738162279129028,0.9354422688484192,0.9903532862663269,0.8727595621287081,spiral_arc_bins_32_back_loaded_params_750_seed_4,spiral,back_loaded,"(1, 2, 4)",750,0.013333333333333334,4,100,3000,100,3000,0.02,False
spiral_arc_bins_32_uniform_params_750_seed_4,,"(12, 12, 12)",764,spiral,arc_bins,32,32,0.9686666666666667,logits,input,10,0.9618666666666668,logits,input,0.928404380284255,logits,32,2,2,3,0.6413569450378418,0.9672811031341553,0.9954522252082825,0.9697223736646818,spiral_arc_bins_32_uniform_params_750_seed_4,spiral,uniform,"(1, 1, 1)",750,0.018666666666666668,4,100,3000,100,3000,0.02,False
spiral_arc_bins_32_back_loaded_params_750_seed_5,,"(4, 8, 16)",740,spiral,arc_bins,32,32,0.9633333333333334,logits,input,10,0.9342666666666667,logits,input,0.8810312779787587,logits,32,2,3,3,0.5403014421463013,0.9409493207931519,0.9969499707221985,0.8997860182368701,spiral_arc_bins_32_back_loaded_params_750_seed_5,spiral,back_loaded,"(1, 2, 4)",750,0.013333333333333334,5,100,3000,100,3000,0.02,False
spiral_arc_bins_32_uniform_params_750_seed_5,,"(12, 12, 12)",764,spiral,arc_bins,32,32,0.9796666666666667,logits,input,10,0.9510000000000002,logits,input,0.8868520092348711,logits,32,2,3,4,0.6718088388442993,0.9216671586036682,0.9834566712379456,0.9764999000376494,spiral_arc_bins_32_uniform_params_750_seed_5,spiral,uniform,"(1, 1, 1)",750,0.018666666666666668,5,100,3000,100,3000,0.02,False
spiral_arc_bins_32_back_loaded_params_750_seed_6,,"(4, 8, 16)",740,spiral,arc_bins,32,32,0.9576666666666667,logits,input,10,0.9459333333333334,logits,input,0.8026163464219676,logits,32,2,3,3,0.521786630153656,0.9001942873001099,0.9949020743370056,0.6644527468665511,spiral_arc_bins_32_back_loaded_params_750_seed_6,spiral,back_loaded,"(1, 2, 4)",750,0.013333333333333334,6,100,3000,100,3000,0.02,False
spiral_arc_bins_32_uniform_params_750_seed_6,,"(12, 12, 12)",764,spiral,arc_bins,32,32,0.9796666666666667,logits,input,10,0.9603333333333334,logits,input,0.9512394976297701,logits,32,2,3,3,0.5419945120811462,0.9423509240150452,0.9931721687316895,0.9891873045697337,spiral_arc_bins_32_uniform_params_750_seed_6,spiral,uniform,"(1, 1, 1)",750,0.018666666666666668,6,100,3000,100,3000,0.02,False
spiral_arc_bins_32_back_loaded_params_750_seed_7,,"(4, 8, 16)",740,spiral,arc_bins,32,32,0.96,logits,input,10,0.9359666666666668,logits,input,0.8292957237583634,logits,32,2,2,3,0.6977659463882446,0.9822094440460205,0.9909344911575317,0.9512681676425446,spiral_arc_bins_32_back_loaded_params_750_seed_7,spiral,back_loaded,"(1, 2, 4)",750,0.013333333333333334,7,100,3000,100,3000,0.02,False
spiral_arc_bins_32_uniform_params_750_seed_7,,"(12, 12, 12)",764,spiral,arc_bins,32,32,0.9693333333333334,logits,input,10,0.9673666666666668,logits,input,0.9477685365994528,logits,32,2,3,4,0.6238482594490051,0.9444206953048706,0.9843602180480957,0.985163442952174,spiral_arc_bins_32_uniform_params_750_seed_7,spiral,uniform,"(1, 1, 1)",750,0.018666666666666668,7,100,3000,100,3000,0.02,False
spiral_arc_bins_32_back_loaded_params_750_seed_8,,"(4, 8, 16)",740,spiral,arc_bins,32,32,0.963,logits,input,10,0.9415333333333334,logits,input,0.8485711558488807,logits,32,2,2,3,0.7744784355163574,0.9749845266342163,0.9974444508552551,0.8494473071386679,spiral_arc_bins_32_back_loaded_params_750_seed_8,spiral,back_loaded,"(1, 2, 4)",750,0.013333333333333334,8,100,3000,100,3000,0.02,False
spiral_arc_bins_32_uniform_params_750_seed_8,,"(12, 12, 12)",764,spiral,arc_bins,32,32,0.9733333333333334,logits,input,10,0.9217000000000001,logits,input,0.8117195485956149,logits,32,2,3,4,0.7669976353645325,0.9359531998634338,0.9825567603111267,0.9716243571922256,spiral_arc_bins_32_uniform_params_750_seed_8,spiral,uniform,"(1, 1, 1)",750,0.018666666666666668,8,100,3000,100,3000,0.02,False
spiral_arc_bins_32_back_loaded_params_750_seed_9,,"(4, 8, 16)",740,spiral,arc_bins,32,32,0.9653333333333334,logits,input,10,0.9525,logits,input,0.8355833740978128,logits,32,2,2,3,0.58626389503479,0.9876265525817871,0.9970181584358215,0.7806570573207623,spiral_arc_bins_32_back_loaded_params_750_seed_9,spiral,back_loaded,"(1, 2, 4)",750,0.013333333333333334,9,100,3000,100,3000,0.02,False
spiral_arc_bins_32_uniform_params_750_seed_9,,"(12, 12, 12)",764,spiral,arc_bins,32,32,0.9713333333333334,logits,input,10,0.9425666666666668,logits,input,0.9068169547940775,logits,32,3,3,5,0.5854307413101196,0.8685157299041748,0.9744139313697815,0.9738477064994759,spiral_arc_bins_32_uniform_params_750_seed_9,spiral,uniform,"(1, 1, 1)",750,0.018666666666666668,9,100,3000,100,3000,0.02,False
spiral_arc_bins_32_back_loaded_params_750_seed_10,,"(4, 8, 16)",740,spiral,arc_bins,32,32,0.9526666666666667,logits,input,10,0.9616666666666668,logits,input,0.820457508944114,logits,32,2,2,3,0.5474791526794434,0.9632717967033386,0.9958125948905945,0.9181814743252262,spiral_arc_bins_32_back_loaded_params_750_seed_10,spiral,back_loaded,"(1, 2, 4)",750,0.013333333333333334,10,100,3000,100,3000,0.02,False
spiral_arc_bins_32_uniform_params_750_seed_10,,"(12, 12, 12)",764,spiral,arc_bins,32,32,0.971,logits,input,10,0.9579666666666665,logits,input,0.8935158506428503,logits,32,2,2,4,0.6171724796295166,0.9517961144447327,0.9895972013473511,0.9917094947894586,spiral_arc_bins_32_uniform_params_750_seed_10,spiral,uniform,"(1, 1, 1)",750,0.018666666666666668,10,100,3000,100,3000,0.02,False
